Siren,Raison sociale,Nom,Services,Adresse,Téléphone,Email agence,Site web,Gérant,Tel gérant,Email gérant,Source
,,123webimmo L’essentiel de l’immobilier au meilleur prix sur Agence de Grenoble Est,,"9, Lotissement le Pré de la Flury 38 560 JARRIE",04 66 27 01 23,dpo@fsl.holdings,https://www.123webimmo.com/agences/agence-de-grenoble-est,Maria SGARRA,,,"Nom, Adresse, Téléphone, Email agence, Gérant, Site web : https://www.123webimmo.com/agences/agence-de-grenoble-est"
,,123webimmo L’essentiel de l’immobilier au meilleur prix sur Agence d'Ugine,,4 Avenue Paul Girod 73400 UGINE,04 66 27 01 23,dpo@fsl.holdings,https://www.123webimmo.com/agences/agence-d-ugine,Olivier GUILLAND,,,"Nom, Adresse, Téléphone, Email agence, Gérant, Site web : https://www.123webimmo.com/agences/agence-d-ugine"
,,123webimmo L’essentiel de l’immobilier au meilleur prix sur Agence de Trégor-Goëlo,,25 bis Route du Port 22300 TREDREZ-LOCQUEMEAU,04 66 27 01 23,dpo@fsl.holdings,https://www.123webimmo.com/agences/agence-de-tregor-goelo,Erwan LORET,,,"Nom, Adresse, Téléphone, Email agence, Gérant, Site web : https://www.123webimmo.com/agences/agence-de-tregor-goelo"
,,123webimmo L’essentiel de l’immobilier au meilleur prix sur Agence de Rennes-Est,,74 rue de Paris 35000 RENNES,04 66 27 01 23,dpo@fsl.holdings,https://www.123webimmo.com/agences/agence-de-rennes-est,Wilfrid CHAPERON,,,"Nom, Adresse, Téléphone, Email agence, Gérant, Site web : https://www.123webimmo.com/agences/agence-de-rennes-est"
,,123webimmo L’essentiel de l’immobilier au meilleur prix sur Agence de Bastia,,"14, place Vincetti 20 200 Bastia",04 66 27 01 23,dpo@fsl.holdings,https://www.123webimmo.com/agences/agence-de-bastia,Hubert MARCHETTI,,,"Nom, Adresse, Téléphone, Email agence, Gérant, Site web : https://www.123webimmo.com/agences/agence-de-bastia"
,HMJC,123webimmo Agence d'Ajaccio,,7 avenue Impératrice Eugénie 20000 Ajaccio,04 95 45 11 71,ajaccio@123webimmo.com,https://www.123webimmo.com/agences/agence-d-ajaccio,Hubert MARCHETTI,,,"Nom, Adresse, Téléphone, Email agence, Raison sociale, Gérant, Site web : https://www.123webimmo.com/agences/agence-d-ajaccio"
,ATTRACHJU IMMOBILIER,123webimmo Agence de Calvi et Balagne,,QUARTIER VILLANOVA Casa Liccione 20214 CALENZANA,06 62 35 06 27,balagne@123webimmo.com,https://www.123webimmo.com/agences/agence-de-calvi-et-balagne,Stephanie ANTONI-CORDIER,,,"Nom, Adresse, Téléphone, Email agence, Raison sociale, Gérant, Site web : https://www.123webimmo.com/agences/agence-de-calvi-et-balagne"
,AISNE WEBIMMO,123webimmo Agence de Laon,,Rue Jean Jaurés - Espace Jean-Jaurès Bât. C 02000 CHAMBRY,03 23 21 34 35,laon@123webimmo.com,https://www.123webimmo.com/agences/agence-de-laon,Axelle BURET,,,"Nom, Adresse, Téléphone, Email agence, Raison sociale, Gérant, Site web : https://www.123webimmo.com/agences/agence-de-laon"
,L'IMMOBILIÈRE DE COMPIÈGNE,123webimmo Agence de Noyon,,199 Rue de Berlicamp 60400 CUTS,06 16 66 78 66,caroline.ocreman@123webimmo.com,https://www.123webimmo.com/agences/agence-de-noyon,Caroline OCREMAN,,,"Nom, Adresse, Téléphone, Email agence, Raison sociale, Gérant, Site web : https://www.123webimmo.com/agences/agence-de-noyon"
,AISNE WEBIMMO,123webimmo Agence de Soissons,,Rue Jean Jaurés - Espace Jean-Jaurès Bât. C 02000 CHAMBRY,03 23 21 34 35,soissons@123webimmo.com,https://www.123webimmo.com/agences/agence-de-soissons,Axelle BURET,,,"Nom, Adresse, Téléphone, Email agence, Raison sociale, Gérant, Site web : https://www.123webimmo.com/agences/agence-de-soissons"
