siren,code
107255176,429
108080490,429
102469665,429
103096962,429
107990111,429
392435459,429
410560536,429
411248602,429
411256209,429
424513844,429
432419679,429
450906086,429
453051930,429
453058463,429
453064917,429
453142275,429
453212904,429
453218141,429
480341106,429
480365287,429
481838886,429
481932317,429
481945194,429
481955987,429
481986925,429
483694543,429
484652474,429
485299168,429
488209818,429
488327776,429
489469858,429
490089174,429
490097870,429
491108932,429
491169322,429
492781133,429
493397665,429
510005416,429
514342898,429
519341333,429
522888650,429
522917673,429
523196830,429
523749711,429
788208379,429
788276806,429
790156509,429
790159040,429
