siret,nom_commercial
00564115400025,
00697019800096,
00721044600022,
01575248800021,
01585071200017,
01635044900019,
01665062400030,
01715094700046,FAGOT IMMOBILIER
02405372000017,
02405474400016,
02405825700015,
02407462700035,
03672049800025,
03702026000024,
04602001200012,
04701084800084,TRANSACTIONS APPIETTO
04702019300034,
05439463000013,
05450096200037,
05480496800029,
05580711900015,
05680310900018,
05680502100013,
05750200700016,AGENCE BESSON IMMOBILIER
05780067400038,
05780314000011,CABINET LAPLANE
05881086200043,
06173350700034,
06250174700034,
06372070000069,
06580582200270,
06630200100046,AGENCE DE L'ILE
06980210600042,
07020018300112,
07080306900064,
07240092200034,LE GROS VENTRE
07250357600059,
07280243200194,
07280455200056,
07280710000010,
07725072800076,
08608025600042,
08618064300040,
08697101700040,VAL RIM AGENCE PARIS
09413048100016,
09717018700021,
09938413300015,
09938466100015,
09938881100012,
10000287200016,
10000804400016,
10001115400026,
10001320000017,ST IMMO CONSEIL
10001370500015,
10001445500016,
10001537900017,
10001702900016,DORCHAIN JEROME EI
10002046000018,
10002047800010,LORYANE PHEULPIN
10002299500011,
10002303500015,
10002443900018,
10002709300010,
10002970100016,
10003217600024,
10003814000016,
10004179700018,
10004265400010,
10004600200018,
10004768700023,
10004785100017,
10005525000011,
10005554000015,
10005582100019,IFB
10005677900018,MICOVIC HABITAT BOIS
10005980700014,EI
10006089600014,
10006169600017,
10006303100015,
10006437700011,
10006502800019,FA-ELB INVEST
10006646300017,
10007317000019,KOMPAZ
10007634800018,SO AGENCY
10007959900013,
10008030800016,
10008138900015,ARCHYLINE
10008273400011,
10008369000014,
10008667700018,
10009256800011,
10009343400015,MC
10009427500011,LE NID D'EMILIE CONCIERGERIE
10009535500010,
10010110400014,MOUGEL SUZIE
10010618600016,
10010762200027,
10010867900018,
10010960200019,
10011389300018,
10011891800018,
10011996500018,
10012151600015,PLG CONSEIL
10012541800010,
10012549100017,
10012757000016,ACTION 64 40
10013034300013,SOL.IN
10013088900015,
10013302400016,CASTELANELLI CHRISTINE EI
10013431100016,
10013685200017,
10014646300011,
10015006900019,
10015381600010,
10015881500017,
10016031600012,
10016078700014,
10016309600017,
10016380700025,MICRO CORA.B
10016655200016,
10016683400018,
10016914300011,
10017008300016,
10017661900011,
10017673400018,
10017841700018,
10018027200013,
10018085000016,MONGERAND IMMOBILIER
10018122100019,
10018165000019,
10018216100016,
10018516400017,
10018709500011,FINA
10018960400018,
10018966100018,GERALD LINCK - CHATEAUX ET PROPRIETES HISTORIQUES
10019019800018,
10019602100016,
10020156500015,EI
10020285200016,LHEUREUX ANAIS EI
10020493200014,
10020583000019,
10020620000014,
10020674700014,
10020781000019,
10020796800015,
10020957600014,
10020960000012,
10021012900019,
10021243000027,
10021273700017,
10021425300013,URBAREL
10021517700013,ANGEL IMMO
10021620900013,
10022144900018,E.I. CAROLINE REY
10022616600013,
10022681000016,
10022871700011,
10022945900019,
10022952500017,
10023056400013,
10023148900012,
10023354300014,
10023553000019,PIERRE BOUTAUD
10023653800011,
10023970600011,
10024325200010,JOURNOU KEVIN EI
10024460700014,
10024626300014,
10024926700012,ADELINE LEHOUX
10024941600015,MCVM-IMMO
10025517300013,
10025536300036,
10025911800014,
10025960500010,
10026704600017,VICTOIRE LACOMBLEZ IMMO
10027303600010,COMMERCE & CONSEIL
10027395200018,AGENT COMMERCIAL EN IMMOBILIER
10027539500018,
10028500600019,
10028936200012,
10029197000018,
10029872800013,
10030027600019,CORSICA CURVE
10030064900017,
10030194400011,
10030375900011,
10030453400017,
10030466600017,SINGULAR
10030999600013,
10031278400018,
10031291700014,
10031668600037,
10031762700014,CHARLOTTE DENAES EI
10032226200013,
10032591900015,
10032617200010,MEDIONI SAMANTHA EI
10032639600015,
10032803800011,
10033020800016,
10033071100019,
10033258400026,
10033643700015,
10033859900010,
10033934000018,
10034203900011,
10034315100013,
10034707900012,
10034889500010,CONCIERGERIE - LES CLES D'EMILIE
10035091700017,
10035098200011,
10035204600013,
10035357200017,
10035846400012,
10036179900016,
10036238300018,
10036355500010,IMMO PROJECT
10036405800014,
10036423100017,
10036718400015,LOLA POINAMBALOM
10037630000016,
10038005400013,
10038268800016,SOUAD AGENCY EI
10038285200018,
10038287800013,
10038706700018,
10038763800016,
10038990700013,
10039166300018,CUQ ADELE EI
10039242200018,
10039428700013,SV HORIZON
10039581300015,
10039729800017,
10039977300017,PAULINE PLOUGASTEL
10039979900012,
10040046400010,
10040607300013,
10040983800016,
10040991100011,MIGNE NELLY
10040994500019,
10041269100014,
10041428300018,
10042202100012,
10042267400018,
10042414200014,
10042833300015,
10043579100015,
10043653400018,
10044152600017,
10044160900011,
10044198900017,
10044286200015,ACZ INVEST
10044603800018,
10044718400019,NIEVRE IMMO
10044781200015,BOGA IMMOBILIER
10044843000015,
10044845500012,
10045318200014,
10045566600014,
10045580700014,
10046033600017,DB PRESTIGE IMMO
10046960000017,
10047111900014,
10047706600011,
10047733000011,
10048097900010,JM HABITAT
10048170400011,
10048273600012,
10048827900017,
10049391500019,
10049544900017,
10049619900017,
10049715500018,
10050109700016,GRAND DAMIEN EI
10050408300013,
10050410900016,
10050571800013,
10050724300010,
10050793800015,
10050804300013,DPE PARIS CHARONNE DIAGNOSTIC IMMOBILLIER
10050930600013,
10050996700012,
10051177300010,
10051353000012,
10051408200013,EI BEAUMONT ANGELIQUE
10051697000017,BENIMMO
10051737400011,
10051794500026,
10052295200017,VERCRUYSSE PAULINE
10052353900011,
10052383600011,
10052406500016,
10052521100015,
10052908000010,
10053395900019,
10053414800018,
10053465000013,BON GERARD EI
10053554100013,A.T.S.
10053875000017,CIRILLO DAMIEN EI
10054253900018,
10054437800019,
10054591200014,
10054597900013,GENTHIAL IMMO
10055100100017,JOSEPH IMMOBILIER
10055144900018,
10055233000019,MORISSOT MATHILDE EI
10055885700015,FELICIE PIMENTAO IMMOBILIER
10055938400019,
10055954100014,
10056134900018,
10056242000016,VECTIS PATRIMMO
10056498800010,
10056593600018,
10056833600018,
10056851800011,
10056871600011,
10057186800015,
10057217100013,FRANCE CONSULTANTS
10057284100011,
10057480500014,
10057615600010,
10057694100023,
10057930900012,
10058142000013,LOHANN IMMO
10058177600018,DUBOIS MARGOT EI
10058599100019,
10058616300014,
10058940700012,GROUPE CABANON
10059153600014,
10059542000017,ENZO BENAGOU IMMOBILIER
10060062600012,
10060240800013,
10060442000016,
10060613600016,
10060706800010,
10061609300017,
10061953500014,
10063411200013,
10063882400019,
10063932700012,
10064227100017,AUREA
10064246100014,LECOMTE JULIEN EI
10064323800015,PC IMMO CONSEIL
10064395600012,
10064464000029,
10064531600017,
10064688400013,
10064791600012,RAPP MAGALI EI
10065499500016,AURELIMMO
10065805300010,
10066044800018,
10066163600017,
10066724500011,TIVIA IMMOBILIER
10067335900012,LOKAL. GROUP
10067561000016,
10067682400012,
10067882000018,
10068321800018,MARINE PERCHET
10068327500018,EI
10068504900015,
10068586600012,C2 IMMOBILIER
10068659100015,
10068736700019,
10069053600014,
10069153400018,
10069155900015,
10069232600018,
10069873700010,
10070035000018,
10070252100012,SERIFOU13 IMMOBILIER
10070929400019,MR
10071013600019,
10071040900010,
10071143100013,
10071353600017,
10071426000013,FLEGEAU LAURENE EI
10071628100017,MATIS VIGNAL
10071686900019,ANTOINE BOULARD
10072042400017,LANDRY GESTION
10072499600010,
10073040700010,
10073297300019,
10073483900010,ANSELMET CYPRIEN
10074839100016,
10075317700011,
10075425800018,
10075438100018,
10075528900012,IMMOTIME & MAISONS ET PLUS
10075968700013,
10076691400012,AMBRE CAPELLI
10076705200010,
10076771400015,
10077030400010,JOHANE DECORNIQUET
10077048600015,
10077345600015,
10077355500014,
10078126900012,
10078133500011,EI
10078208500011,
10078334900010,
10078335600015,LANTERI ALESSANDRO EI
10078350500017,
10078393500016,
10078601100013,
10079215900012,CENTURION LUXE PROPRIETY
10079286000015,
10080620700013,
10080670200013,
10081074600014,EI
10081116500016,
10081528100017,MAISON BLANC COSY
10081531500013,HARSANT ROMAIN EI
10081874900010,
10081911900015,
10081951500014,
10082287300012,
10082507400014,
10082650200013,
10082885400016,
10083160100016,NEUMAYER ELODIE EL
10083296300019,
10083451400018,
10083953900010,
10084240000028,
10084308500018,
10084542900016,
10084565000017,
10084572600015,
10084706000017,MARTINI FINANCE
10084757300019,SARRAUD LEILA EI
10084829000019,
10084962900017,
10085069200011,
10085082500017,
10085460300014,
10085476900013,
10085671500014,
10085864600019,OLIVIER LAVAURS IMMOCONSEILS
10086491700016,
10086645800019,LJ
10087497300017,
10088101000019,TACODRIM IMMO
10088166300015,
10088234900010,
10088322200018,
10088395800017,
10088622500026,
10089053200011,
10089681000015,
10089726300016,
10089818800014,
10090164400011,
10090748400016,
10091559400012,
10091718600015,CAIAZZO CORINNE EI
10091950500014,
10092391100018,LG LIFE COACHING
10092524700015,
10092660900015,
10093411600037,
10093439700017,
10093503000013,PROJETS CONSEILS IMMO
10093660800015,DAMIEN FAYOLLE
10093944600017,JEFFERSON F. PATRIMOINE ET CONSEIL
10093978400011,EDL LYONNAIS
10094131900012,
10094665600012,
10094858700025,
10095022900011,
10095023700014,
10095026000016,OFF MARKET 31
10095250600010,S.M.P
10095398300010,CAB'IMMO
10095596200012,
10095713300018,
10096083000014,
10096092100011,
10096389100013,IMACHE INVEST
10096755300015,
10097021900018,
10097080500014,TUIZAT ETIENNE
10097873300010,WATIER GWEN EI
10097951700016,RICHARD CORINE
10097966500013,
10098360000014,
10098450900016,
10098630600023,
10098671000018,
10098868200017,
10099521600015,
10099813700010,
10100114700012,
10100234300016,
10100256600012,
10100363000015,MP IMMOBILIER
10100545200012,
10100628600013,
10100995900012,
10101482700014,
10101597200017,
10101919800015,
10101931300028,BATARD CINDY
10101937000010,
10102001400011,AUX PATTOUNES D'IRY
10102024600019,
10102560900013,
10103131800013,
10103217500016,SYLVIE MARTIN
10103232400010,
10103239900012,
10103811500016,
10103988100012,
10104051700019,
10104138200017,
10104298400019,CARON AURELIEN EI
10104399000015,PETIT FREDERIC EI
10104458400015,
10105150600018,HORIZON FINANCES
10105165400016,MAISON FEUILLADE
10105245400010,MCI
10105283500010,GML CONSEIL ET IMMOBILIER
10105722200024,CYRIL ROUSSEAU EI
10105795800015,
10105803000012,PMP IMMOBILIER PUISSEGUIN
10106005100014,
10106324600017,
10106476400018,
10106653800014,M IMMOBILIER
10106765000016,
10106866600011,STRATEGIE IMMOBILIERE DE PROVENCE
10107088600011,
10107124900011,
10107140500019,
10107261900014,
10107349200015,
10107395500011,
10107421900011,PLAN REVENU IMMO
10107796400019,KHALED MEGHRICHE
10108276600011,
10108299800010,
10108553800011,
10108761700029,
10108793000018,
10108887000015,LE LETTY ANTOINE
10108908400012,
10109170000019,
10109346600015,JOSEPHINE LEURIDAN
10109445600015,MANON EYNARD
10109501600016,
10109601400010,
10109678200012,
10109725100017,
10110477600014,
10110553400016,
10110618500016,LHOTTE KYLLIAN EL
10110817300010,
10110948600023,
10110991600011,
10111576400017,
10111667100013,PONT IMMOBILIER FRANCE HAITI
10112051700012,
10112298400012,
10112495600018,
10112559900015,IAG IMMOBILIER
10112899900014,
10112906200010,
10113170400013,
10113256100016,
10113418700018,
10113542400014,
10113759400012,DE SOUSA CLEMENTINE
10113892300012,
10114714800015,
10114905200017,
10115040700019,
10115122300019,
10115165200019,
10115272600010,
10115492000017,ONILLON IMMOBILIER
10115900200019,
10116008300016,
10116247700018,GREMILLON SARAH EL
10116650200019,
10116847400019,
10117225200013,AIM REAL ESTATE
10117295500011,
10117658400015,VIKTO IMMOBILIER
10117847300019,AUDREY MIGOLI
10118270700014,LALY DESPERIER EI
10118581700018,MALVIS SANDRINE EI
10118630200010,
10119083300018,TANGUY LEBEAU
10119303500017,
10119412400018,
10119419900010,
10119862000011,
10120087100016,2C IMMO
10120327100016,
10120380000012,
10120500300011,
10120671200016,
10122011900024,
10122024200016,
10122040800013,LES CLES D'ANDREA
10123334400015,
10123488800028,
10123922600018,
10124534800012,
10125215300016,
10125910900011,HOMG IMMOBILIER
10126045300010,
10126329100011,REFERENCE ETATS DES LIEUX
10126537900012,
10126857100029,
10127160900014,
10127507100013,
10127656600011,
10127703600014,PLATON
10127720000016,
10128357000014,
10128659900010,
10129062500017,BAMBI MUBENGA
10129069000011,
10129477500016,
10129587100012,
10129738000020,
10129850300018,
10129942800017,
10130279200011,
10130294100014,
10130485500014,
10130621500019,
10130799900017,CONCIERGERIE SABRINA
10130879900010,
10131595000010,
10131713900018,
10132001800027,
10132098400012,ARKANNA IMMOBILIER
10132268300018,
10132497800010,
10132857300015,
10133345800012,
10133441500029,
10133704600011,
10134098200012,
10134103000019,
10134259000011,
10134292100018,
10134454700019,
10134469500016,
10134486900017,
10134503100013,
10134621100010,AEDIFICANDI IMMOBILIER
10134723500018,
10134737500012,
10134986800014,
10135006400016,
10135366200014,
10136040200016,
10136143400018,
10136147500011,
10136306700014,
10136732400015,
10136924700016,
10136986600013,
10137124300011,
10137416300018,
10138462600012,ANTOINE CAYLA
10138649800014,MELVIN JARRIER IMMO
10139461700019,
10139503600011,
10139715600015,ANTHONY EBEL
10139733900017,
10139742000015,
10139785900014,IKONIK
10139805500018,NOEL MELANIE
10139861800013,
10139863400010,
10139918600010,
10139920200015,
10140006700019,
10140093500017,
10140139600011,
10140398800013,DJEBAILI IMMOBILIER
10140580100024,"POUZEAUD DIMITRI ""EI"""
10141188200018,
10141301100012,
10141345800015,HD FIMMO
10141424100014,
10141889500013,
10141897800017,ANTALYS
10142438000018,
10142869600013,
10142929800017,
10142938900014,
10143052800022,HUB REAL ESTATE RIVIERA
10143472800016,
10143651700011,
10144473500019,
10144903100018,EI
10144942900014,
10145323100017,
10145352000013,
10145376900016,
10145542600011,
10145582200029,EL MAHJOUBI SOUFIANE EI
10145630900018,
10145660600017,
10145683800016,
10145698600013,
10145999800015,
10146203400014,
10146304000010,
10146396600016,
10146912000014,
10146955900013,
10147153000010,
10147956600016,
10148038200015,
10148580300015,
10148624900010,
10149014200011,
10149098500013,
10149241100018,
10150064300016,
10150288800015,BEAULIEU INTERNATIONAL PROPERTIES
10150459500014,ENTREPRENEUR INDIVIDUEL
10150596400011,
10150769700015,GALLET JEAN-PHILIPPE
10150783800015,REGNIER ALEXIS EI
10151029500013,
10151567400014,
10151753000016,
10153222400017,
10153314900015,
10153469100015,
10153628200011,
10153767800019,SI APPLICABLE
10154061500016,
10154206600010,
10154208200017,EASY HOME
10154379100012,AMSAÌ CREATION
10154415300014,
10154604200017,
10154700800017,
10154783400016,
10154954100015,
10154959000012,MCM IMMO
10155023400013,
10155125700013,
10155466500014,
10155509200010,BS IMMO
10156008400010,
10156351800014,
10156832700015,
10157029900012,
10157257600011,
10157900100013,
10158572700015,ER IMMOBILIER
10158656800012,ZANNIER DOMINIQUE EI
10158742600012,BRUN TRANSACTIONS
10159647600016,
10160624200010,
10160675400014,
10160829700012,ABEMI
10161139000010,
10162699200016,
10162819600012,
10162921000010,MONTOYA SOLUTIONS
10162940000017,ROBERT MARIE
10162980600015,
10163023400017,
10163025900014,
10163283400012,
10163364200018,
10163560500013,
10163733800019,
10163831000017,BERGER MARIELLE EI
10163967200019,
10164106600010,
10164129800019,
10164313800015,
10164316100017,
10164370800015,
10164522400011,
10165375600011,MKDIMMO
10165437400012,TRANSATLANTIQUE IMMO
10165819300012,
10165823500011,
10167000800016,
10167368900010,
10167440600018,
10167678100012,
10167686400016,
10167746600019,STEFAN RADOSAVLJEVIC
10167756500018,
10167952000011,
10168369600013,FERNANDES ERIKA
10168469400017,
10168535200011,EI FLORA FOURNEL
10168734100012,
10169279600010,
10169487500010,
10169584900014,
10169908000012,
10170255300013,
10170268600011,
10170573900015,
10170865900012,PROLECH JESSE EI
10171515900014,
10171554800018,
10171651200013,
10171839300016,
10171918500015,
10171941700012,
10172252800011,
10172467200015,
10172645300018,
10172713900012,
10172722000010,
10172918400016,
10173074500011,
10173137000017,PRELIMMOBILIER
10173757500015,
10173987800011,VITE & VALEUR IMMO
10173990200019,
10174803600015,AGENT COMMERCIAL IMMOBILIER
10175236800015,JONATHAN COESY CONSEILLER IMMOBILIER
10175299600013,
10175519700015,DEBORAH NETTOYAGE
10176203700014,
10176290400015,FERNANDEZ GILLES EI
10176890100015,
10176927100012,
10177959300017,JACOT-DESCOMBES COMPTA
10177994000010,
10177998100014,LAROCHE IMMOBILIER
10178154000014,
10178347000012,
10179247100019,
10179299200014,VPCORP
10179713200012,
10179786800011,
10179902100015,MICHAUT MARC EI
10180133000016,
10180238700015,
10180248600015,
10180390600011,
10180555400017,
10180742800012,MAISON INES
10181037200017,
10181110700024,
10181414300018,VALORPATRIMOINE / MAISONS RIVIERA
10181949800011,
10181974600013,KETFI ILLIAN
10182019900012,
10182063700011,
10182118900012,AUNAY NICOLAS EI
10182571900012,
10182650100013,PETITFRERE ASTRID EI
10183403400015,
10184106200017,WEBER CYRIL EI
10184197100019,
10184270600018,
10184823200019,
10184946100013,LEDERICH IMMOBILIER
10185473500012,
10185775300012,AGENT COMMERCIAL
10186237300012,
10187496400014,MATOR
10187574800010,
10187812200015,
10187828800014,
10188110000016,ERNAULT TOM EI
10188240500018,
10188887300011,
10189202400015,
10189601700015,BC IMMOBILIER
10190107200013,
10191000800016,
10191261600014,
10191764900010,
10191891000015,
10192172400015,
10192489200017,
10192624400019,MOYART LOUKA EI
10193353900013,
10193661500018,
10193898300018,
10194214200015,XAVIER PREBOLIN EI
10194411400012,
10194449400018,
10194647300010,AJROUD NAIL
10194824800014,FERSCHNEIDER RAYA JULIANA EL
10194905500012,
10194989900013,
10195180400018,
10195388300010,
10195508600018,ALTHYS ESTATES
10196121700011,
10196202500017,
10196475700013,
10196673700013,
10197284200013,
10197330300015,
10197411100011,POESIE INTERIEURE PAR PAULINE
10197492100013,CE GAELLE IMMO EI
10197652000011,
10197848400018,NEYRET IMMOBILIER
10198050600014,
10198316100015,HOMELIKE HOME
10198353400013,
10198907700017,
10199268300017,
10199844100014,VALERIEDELORMEREGM
10199845800018,SEBC / ETATS DES LIEUX
10199931600017,
10200006400018,
10201437000013,
10201682100013,
10202058300013,
10202550900021,
10202859400012,
10203032700013,
10203188700015,P2OIMMO
10203204200016,
10203266100013,
10203309900015,
10203352900011,BOUGARD
10203799100019,
10203801500016,
10203818900019,
10203975700012,
10204089600015,ATAS AYSE
10204397300019,
10204442700023,99
10204890700012,
10204917800019,
10206165200016,
10206173600017,
10206371600017,CREATION BIEN NAITRE
10206647900019,HOMIA & CO IMMO
10206811100016,
10206843400012,KEYZI
10206884800013,
10208033000016,
10208227800015,
10208320100016,
10208373000014,
10208635200014,
10208719400019,AGENT COMMERCIAL
10209015600013,
10209036200025,
10209117000013,
10209225100010,
10209515500010,
10209547800016,AGENCE CLAIRE IMMOBILIER
10209809200012,
10209848000019,
10210362900014,
10210617600013,
10210690300010,
10211044200013,
10211568000013,
10211902100016,ELISE TERRIERE KNAAP - EI
10212355100016,
10213030900010,
10213060600019,
10213142200010,
10213160400013,
10213268500011,
10213448300019,
10213474900013,
10213607400014,VERSANT 18 IMMOBILIER
10213647000014,
10213839300016,
10213974800010,WIOM IMMOBILIER
10214725300011,
10214797200016,
10215097600011,
10215125500019,
10215290700014,
10216619600018,ARDALYS IMMOBILIER
10216712900018,
10217257400018,
10217350700017,BOJAL
10217368900013,GEOFFREY MERLIER
10217536100017,
10217672400015,
10218388600013,
10218748100019,DOUAY MARIE EI
10219018800015,
10219309100018,
10219407300015,
10219422200018,ODTE ELEC
10219758900017,
10220131600019,
10220138100013,
10220172000012,
10222176900015,
10222494600016,
10222725300014,
10222813700018,
10222978800017,
10223202200016,
10223251900011,TOMO IMMOBILIER
10223926600012,
10224276500018,
10224396100012,
10224626100014,
10224893700017,
10225390300011,
10225547800012,
10225620300013,JUMMO
10225780500014,
10225996700010,
10226851300011,MRD IMMO
10227382800016,PRIVATE ADDRESS
10227412300011,CABINET JUDIC EXPERTISE
10227664900013,
10227763900013,
10227958500016,THOMAS METIVIER IMMOBILIER
10228505300017,
10228576400019,
10228645700019,
10228654900013,
10229131700018,
10229243000018,
10229318000018,
10229559900017,
10229767800017,
10229828800014,
10229941900014,
10230089400015,
10230217100016,
10230553900011,
10230583600011,CEDRIC BREANT - CONSEIL EN IMMOBILIER
10230883000011,
10230926700015,
10230952300011,
10230955600011,
10230982000011,
10231106500019,
10231117200013,
10231192500014,
10231495200015,BOLINI
10231530600013,
10232171800011,
10232284900013,AGENCE DES 3 BASTIDES
10232512300010,
10232629500015,SHANA TENNEGUIN
10233101400013,
10233541100017,
10233691400019,
10233818300019,LR SIGNATURE
10233994200017,
10234032000013,
10234270600011,
10234353000014,
10234385200012,
10234477700010,EI DUPENLOUP FLAVIEN
10234514700015,
10234772100015,IMMO CORNER
10234797800011,
10234804200015,
10235747200012,
10235754800019,
10235788600013,
10235978300010,
10236043500014,OFFICINEO
10236374400016,
10236414800019,
10236682000011,
10236873500019,IMMOCONCIERGERIE
10236991500016,
10237137400012,
10237374300016,
10238072200011,CHABEAUX JESSY
10238138100015,
10238165400015,
10238186000018,SICRIE ESTATE
10238992100010,AGENCE PARC OCEAN
10239013500014,
10239093700013,
10239455800013,
10239484800018,
10239717100012,FASNACHT FREDERIC EI
10239724700010,LEVREL ALEXIS
10239864100013,
10240014000012,
10240156900011,
10240226000016,
10240239300015,
10240427400015,
10240446400012,
10240480300011,ROUANI CLARISSE EI
10240877000018,
10241057800011,
10241400000012,
10241537900019,
10241581700018,
10241779700010,HENEYLA
10241799500010,
10241966000018,
10242335700015,DE CASTRO LUKA EI
10242521200010,
10242619400019,
10242884400017,
10243061800011,LOMBARDI MAINTENANCE IMMOBILIERE
10243083200018,
10243185500018,EL
10243247300019,
10243406500011,MELANIE TIRE
10243428900017,
10243581500018,
10243703500011,
10243818100012,PICARD REAL ESTATE
10244453600019,
10244559000015,
10244789300011,PRIMMO CONSTAT
10245173900019,AFE AUDIT ET CONSEIL
10245230700014,
10245445100018,CAP FERRAT CONSEIL
10245847800017,
10246609100018,
10246966500016,
10247202400011,TIRMAN LUCAS EI
10247636300019,BOKTA
10248324500019,
10248459900018,
10248461500012,
10249101600014,HUET SALOME
10249245100012,
10249251900016,
10249261800016,
10249336800017,
10249451500012,
10249480400010,
10249781500013,
10249797100014,ACP DEVELOPPEMENT IMMO
10250032900010,
10250087300017,
10250170700016,
10250228300017,
10250663100013,
10250794400019,
10251260500019,
10251269600018,
10251536800011,
10251630900014,
10251797600027,
10251885900016,
10252425300014,
10252685200011,DURAND JULIEN EI
10252772800012,
10252952600018,
10253028400011,
10253346000014,
10253567100014,
10253801400014,
10253807100014,
10254296600019,
10254328700019,
10254444200019,
10254742900013,POINCARE IMMOBILIER
10254925000011,
10255101700019,
10255216300010,GUILLAUME FEUGIER
10255853300018,
10256009100013,LOREN AVELLINO
10256146100017,
10256345900019,
10256483800013,
10256655100010,
10256796300016,
10257629500012,AXENCE CONSEIL
10258395200019,
10258885200016,BM CONSEIL
10258936300013,
10258993400011,
10259141900019,
10259302700018,
10259398500017,
10259471000018,
10259516200011,
10259695400010,JULLIEN IMMO
10259699600011,DELAYENS LAURENCE EI
10259770500015,
10260077200010,
10260081400010,SOLA IMMOBILIER
10260099600015,
10260431100013,
10260676100017,
10261059900015,
10261082100013,SARA LEUILLET
10261410400010,
10261559800012,
10262029100017,
10262047300011,
10262068900012,
10262166100010,
10262626400018,
10263193400019,
10263647900010,
10263712100017,
10264111500013,ADRIEN DESAILLY
10264164400012,
10264494500010,
10264524900016,
10264553800012,
10264723700019,
10265041300010,
10265134600011,
10265246800012,
10265873900010,
10266165900015,
10266243400012,
10266407500011,
10266437200012,
10266478600013,VERRECCHIA EMILIE
10266487700010,
10266828200019,DAVID BLEUSE IMMOBILIER
10266962900010,
10267229200012,
10267312600011,
10267509700012,
10267734100012,
10267735800016,CONTRERAS LAURIE EI
10267993300014,
10268282000018,
10268996500014,
10269022900012,
10269307400019,
10269971700017,L'IMMO POUR VOUS
10270338600015,AUCTIMMO
10270657900012,
10270688400016,
10270850000016,
10270860900015,RAYANE BADOURALY
10270901100013,EI
10271292400012,LOIREAU PATRIMOINE
10271315300017,
10271971300012,MAISON GUILLERMO TRANSACTION
10271996000019,
10272195800019,
10272226100017,
10272231100010,EI LUDIVINE POPERA
10272437400016,
10272518100014,
10272542100014,ALEKSANDRS LIVENS
10272830000017,
10272949800018,
10273019900019,MORABIT EL HOUSSAINE
10273286400016,GABRIELLE COTTON
10273520600017,KALOS LIVING
10274118800019,
10274455400019,
10275685500015,CG EVALUATEUR IMMOBILIER
10276043600018,
10276403200011,
10276736500012,
10276828000012,
10276979100017,
10277204300018,NEYRET IMMOBILIER
10277279500013,
10277332200015,
10277446000012,JULIEN BONNETAIN IMMOBILIER
10277606900019,
10277641600012,QUAI DES ARTS IMMOBILIER
10277924600010,
10277929500017,
10278014500011,
10278017800012,
10278281000018,
10278297600017,
10278509400016,
10279077100012,
10279169600010,
10279187800014,
10279444300014,
10279711500015,
10279768500017,ALISON LAMARE
10279810500015,
10279826100016,
10279868300011,
10279966500017,GREDOIRE JOSUE EL
10280073700011,SIGNEE MARIE
10280111500019,BETTI MICHAEL BSK
10280125500013,LE.BON IMMOBILIER
10280305300010,LOETITIA BARRACHIN AGENT IMMOBILIER
10280412700011,
10280667600015,
10280681700015,MARINE SIBILE
10280727800019,
10280791400019,
10281113000016,SUREAU NICOLAS EI
10281582600015,
10281731900019,
10281784800017,
10281947100016,
10282123800015,
10282470300015,
10282631000025,
10282709400016,
10283613700012,
10283671500015,
10283761400019,
10283766300016,LAURENT ROUSSY  / CONSEIL IMMOBILIER
10283824000012,
10284452900010,A2C OUEST
10285440300015,
10285569900017,
10285591300012,BELJEBBAR INES EI
10285945100019,
10286079800010,
10286185300012,
10286199400014,
10286423800013,WENDY GHERARDI EI
10286813000018,OBEL IMMOBILIER
10286990600010,AGENCE A.C.L.M. IMMOBILIER
10287495500010,
10288361800013,OSCUL ANAIS EI
10288462400010,MIGNOT CLAIRE-LISE EI
10288606600012,
10288788200011,VIVI
10288838500014,EI JEAN-PHILIPPE DELEPIERRE
10288913600010,
10288975500017,
10289403700013,DOM'IMMO
10289569500017,
10289779000014,
10289834300011,
10290032100013,
10290169100018,
10290320000016,
10290594000015,
10291163300018,THIBAULT IRLINGER EI
10291588100019,
10291714300012,
10291851300015,RACHEL DACQUIN
10291887700014,
10291924800017,
10292065900012,
10292505400011,
10292735700024,
10292797700011,
10292815700019,
10292878500017,
10293021100028,
10293988100011,
10294231500015,
10294310700015,UNPI SERVICES
10294606800016,
10294624100019,
10295178700013,CLARA ZITELLI
10295814700013,
10295897200014,
10296106700018,
10296429300017,
10296532400019,
10296552200018,
10296614000018,EI BAILLARGEAT JEREMY
10296619900014,
10296734600010,
10296758500013,
10297190000018,
10297743600017,
10297879800019,
10298205500018,IMMOBILIER CONSEILS & VALORISATIONS
10298222000018,
10298762500013,
10298935700011,
10299183300017,
10299577600014,
10299873900019,
10300182200016,
10300384400018,
10300956900015,
10301004700019,CAROLE MOREL
10301646500017,
10301875000010,
10302007900010,
10302273700011,
10302415400033,
10302525000012,
10303010200018,
10303388200012,CASTEL MATHIEU
10303593700012,
10303658800012,
10303783400019,
10304105900017,ENZO LANGLOIS IMMOBILIER
10304417800012,
10304575300011,
10305534900015,
10307172600014,
10307469600016,SERVICE DE CONCIERGERIE ET GESTION DE LOCATIONS COURTE DUREE
10307684000018,
10307881200015,
10308609600015,
10308735900016,
10308782100015,
10308854800013,
10308950400015,
10309557600015,
10309613700015,
10309696200016,
10309838000019,
10309843000012,
10309989100022,
10310159800011,
10310197800015,VALVERDE JORDAN EI
10310303200027,
10310447700015,
10310477400015,
10310482400018,
10310536700017,
10310546600017,
10311210800016,JOAO MACHADO SANTOS
10311415300010,
10311476500011,BOUQUET FANNY EI
10311906100010,
10312116600013,
10312259400015,
10312603300010,SELD IMMOBILIER
10313062100016,
10313069600018,
10313314600011,
10313356700018,
10313950700018,
10313998600014,FLO'REAL ESTATE
10314611400014,VOISIN AUDREY EI
10314639500019,
10314720300014,
10314898700011,
10314993600017,
10315249200015,
10315646900019,
10315735000010,ROMAIN BICCHIERAY
10316073500017,
10316382000014,
10316448900017,
10316821700018,
10317014800011,
10317096500018,
10317744000015,
10317919800017,
10318311700011,
10318347100012,
10318440400012,
10318446100012,
10318503900015,
10318869400014,
10318961900010,
10319060900018,
10319879200014,
10319924600010,
10320021800016,
10320068900018,OPTELYA
10320363400011,
10320410300016,IMMO-LAB
10320700700024,
10320918500018,
10321121500019,
10321286600018,
10321315300010,
10321320300013,FUSCO MIKAEL EI
10321401100019,BERDAN IMMOBILIER
10321433400015,
10321867300012,
10322167700018,
10322555300017,
10322814400012,
10323135300014,
10323456300015,CYRIELLE GUILLEMAIN IMMOBILIER
10323778000012,
10323975200019,
10324370500011,
10324396000012,SAMIS INVEST
10324515500017,
10324554400012,
10325179900013,
10325352200017,BC MS
10325596400019,
10326063400011,
10326328100018,
10326353900019,
10326422200011,
10326546800019,
10326577300012,
10326800900018,
10326810800018,
10326911400015,
10327288600013,
10327377700013,
10327440300015,PREVOST DELPHINE EI
10327465000011,
10327654900013,
10327715800012,
10327754700016,
10327878400014,
10328123400015,EI
10328703300015,
10328855100015,
10328910400012,
10329103500014,
10329255300015,
10329335300019,
10329887300011,
10330147900012,
10330310300024,
10331299700010,
10331395300012,GERARD JESSI EI
10331450600017,
10331461300011,
10331479500016,
10331602200013,
10331765700015,
10331878800017,SASSIER LEA-ANNA
10332080000016,GROUPE TSONGA
10332233500011,
10332236800012,KERNEL IMMOBILIER
10332319200015,
10332394500016,
10332396000015,
10332503100013,
10332645000014,
10332717700012,
10332762300015,
10332832400019,
10333133600018,HENRI PIERRE-ALEXANDRE
10333304300018,
10333307600018,IMMOVIA
10333428000015,
10333455300015,
10333556800012,NICOLAS TIOUCHICHINE
10335263900019,
10335749700017,
10336159800016,
10336160600017,
10337083900013,
10337456700016,
10337927700017,
10337959000013,T&P PATRIMOINE
10338531600015,
10338708000015,
10338794000010,
10339748500014,
10339848300018,
10340140200013,
10340192300018,
10340219400015,
10340396000018,
10340468700016,
10340559300015,ROULOIS CORALIE
10340601300013,
10340843100015,
10341268000011,LAURENT DE LA HOGUE
10341828100012,
10341848900011,GOSTIMMO
10342390100018,MD IMMOBILIER
10342533600015,
10342763900010,
10342846200016,EL BASRI ALICIA EI
10342987400011,
10343032800015,
10343040100028,
10343042700015,
10343217500018,
10343241500018,
10343257100018,PINDERI ROHELJO EI
10343469200010,
10343599600014,
10343803200015,
10343926100019,
10344332100015,EI
10344601900012,
10344920300019,
10344964100010,
10344981500010,
10345214000017,
10345592900010,
10345682800013,
10345826100015,
10346012700014,LEA MAERTEN
10347077900010,
10347109000011,
10347321100011,
10347399700015,
10348084400010,
10348289900012,
10348708800017,
10348912600013,
10348939900024,
10349030600018,FEY IMMOBILIER
10349540400016,
10350031000018,ARNAL ESTELLE EI
10350196100017,
10350659800012,
10351304000016,
10351326300014,
10351469100015,
10351533400011,QUENTIN GUEGANTON EI
10351610000015,
10351951800015,
10352060700013,
10352270200010,PROFIL IMMO PATRIMOINE
10352281900012,
10352719800016,
10352825300018,
10353489700014,
10354257700012,
10354273400019,
10354445800013,
10354496100016,EI
10354548900017,DEROUCK ANAIS EI
10354581000014,
10354786500016,
10354956400013,DUCROCQ OLIVIA EI
10355073700029,
10355545400018,TIT'IMMO
10355659300012,
10355692400019,
10356370600011,INTERLOPE III
10356462100011,
10356719400016,
10356745900013,LACIRE BAPTISTE
10356887900011,
10356898600014,
10357067700015,
10357180800015,
10357214500011,
10357753200015,
10358340700012,
10358710100017,DRIME INVEST
10358841400013,MA TRANSACTIONS PAR MATHIEU & ROLDAN
10359117800019,
10359192100012,BELLRICK
10359196200016,
10359664900014,
10359701900019,
10360059900023,
10360078900020,
10360133200010,
10360257900015,
10360301500019,
10360345200014,
10360392400012,
10360976400016,
10361547200018,
10361664500018,
10361752800015,
10364338300013,
10364622000014,
10365058600011,
10365526200014,
10365722700015,
10365844900014,
10365973600013,
10366507100017,
10366738200016,
10366807500015,
10367103800018,
10367224200015,
10367571600015,BELLAVOINE SOPHIE EI
10367598900018,
10367612800012,
10367763900017,LE PHENIX
10367887600014,
10368019500015,
10368254800013,WALLPARTNERS PACA
10368914700017,
10369107700012,
10369239800011,
10369419600017,
10369613400016,
10369670400016,
10370213000016,
10370363300018,
10370452400018,LES CLES D'ANNECY
10371244400019,
10371261800018,CARINE GARDIN
10371437400016,
10372293000015,
10372305200017,
10372416700012,
10373866200016,
10374052800015,
10374100500013,
10374216900016,PHP CONSEIL IMMOBILIER
10374429800011,
10374836400017,
10375095600015,EI MURINGER
10375162400018,
10375427100015,
10375448700017,
10376736400013,
10377061600011,FINIKIA
10377350300018,PENICHOT IMMOBILIER
10377628200016,DORE ALICIA
10378224900017,GREMONT LORELEI
10378450000011,
10378553100015,JEAN ROUSSEL
10378570500015,
10379084600010,
10379688400015,
10379788200018,
10379823700014,NATHALIE SEMANI
10379948200015,
10380329200012,KARIMA BOYER
10380427400019,
10380517200014,
10380682400019,
10380858000015,
10380996800011,
10381294700010,MONNET ROMUALD EI
10381793800014,
10382404100018,
10382540200011,
10382724200019,
10383121000010,
10383228300016,
10383894200011,MACAIGNE ALEXANDRE EI
10384249800018,DELALANDE LEA EI
10384662200019,E'OR
10385584700010,
10385648000019,LES BONNES FEES
10385653000011,FRAS THEO EI
10385831200012,
10386587900011,AGENCE BELLISSIMMO
10386757800017,
10386962400017,
10387417800017,AUBIN DESPRES IMMOBILIER
10387843500017,
10387857500010,
10388066200012,
10388255100015,
10389071100015,
10389486100014,
10389756700014,
10389773200014,
10390325800012,
10390415700015,
10390419900017,
10392243100012,
10392503800012,EI
10392528500019,BODIN CAROLINE EI
10392755400016,
10392817200016,
10392868500017,DRILHON JENNIFER EI
10393440200019,HEDOUX ARNAUD EI
10393546600013,
10393940100016,
10394877400015,
10394968100011,
10394976400015,
10395895500017,AGENCE IMMOBILIERE NOURY
10396042300012,OLIVIA CALVET IMMOBILIER
10396289000010,
10396850900010,
10397124800010,MATHIEU SHENOUDA
10397758300014,
10397768200014,
10398247600014,
10398300300015,
10399184000010,
10399526200013,
10400990700031,SKLM
10401196000010,
10401383400015,
10401451900011,
10401505200020,
10401557300017,
10401583900012,
10401652200013,
10402224900015,
10402288400019,
10402397300019,
10402464100011,
10402670300017,
10403144800012,HERMON CRS
10403332900012,
10403539900013,
10403860900012,
10404655200014,
10404672700012,
10404905100014,
10405073700014,
10405159400018,
10405265900018,BELLWO CAROLINE EI
10405301200019,
10406414200011,
10407144400012,
10408049400016,
10408294600013,TMT
10408376100015,COLIN IMMOBILIER
10409157400012,
10409190500018,POINSOT THIBAUT EI
10410170400013,
10410224900018,APERLY
10410396500018,
10410501000011,VICTORY
10411921900012,
10412456500011,
10412937400013,
10412990300019,
10413051300013,
10413073700018,
10413225300014,
10413352500014,
10413418400019,EM EDL
10413695700016,PIERRE FLORINE
10414037100014,EI
10414536200018,
10414720200014,
10414861400019,
10414995000016,
10415056000019,
10415074300011,
10415138600018,
10415337400012,
10415543700015,
10415605400017,
10415654200011,CHANTRELLE JADE EI
10415672400015,
10415802700011,
10415941300012,
10415968600013,CYRIL ANGELIQUE
10416081700011,
10416160900011,MXPERT
10416274800016,
10416326600018,CHRISTOPHE VILLOT EI
10416336500018,DIOP AISSATOU
10416412400018,
10416433000011,
10416687100012,
10417729000012,
10417902300015,
10418531900019,
10418589700014,
10419413900010,
10419525000014,
10420015900010,
10420898800014,
10420941600015,
10421210500019,DGFIP
10421416800015,
10421507400014,
10421570200010,
10421630400022,
10422199900014,
10422922400019,BV MANDATAIRE IMMO
10423326700012,
10423394500013,JUSTINE HOUE
10423442200012,
10423750800015,ALT 1400
10423800100010,LINDA TELMINI
10423932200019,
10423940500012,
10425619300012,
10426320700011,
10426486600013,CONTRERAS EXPERTISE
10426612700018,
10428725500012,
10428746100024,
10428777600017,CONCIERGERIE AUTOMOBILE EN EUROPE
10429005100010,
10429503500018,
10429980500010,
10430031400010,
10430256700011,LE MESTRE MATTHIEU EI
10430277300015,KIET IMMOBILIER
10430474600019,RD
10430593300012,
10430705300017,
10430949700014,BENOIT PAROLINI
10431107100013,STEPHANE RODRIGUEZ IMMO EI
10431147700012,
10431186500018,
10431908200012,
10431988400011,
10432857000015,
10432922200012,
10433101200021,
10433194700028,
10434281100015,SHEME IMMOBILIER
10434747100013,
10434766100019,
10434798400015,
10435399000013,
10435438600013,
10435834600013,
10435852800016,
10436299100010,
10436417900010,
10436455900013,
10436516800012,
10436565500018,
10436624000018,ORIANA CHATELAIN
10436712300015,NYAMBA IMMOBILIER ET CONSEIL
10436807100015,
10436825300019,
10437052300011,
10437348500010,
10437621500018,JC EXPERTISES
10437859100010,
10438080300015,HERAD
10438520800012,MADEMOISELLE IZIA CONCIERGERIE
10438545500019,
10438767500010,
10438842600017,
10439916700014,
10440080900018,
10440098100015,
10440400900011,
10440432200018,EI
10441033700018,
10441176400012,
10441651600011,
10441747200016,
10441973400017,ESTATE SERVICE IMMOBILIER
10442218300012,EI
10442275300012,
10442492400017,
10442523600015,PLB GESTION
10442561600018,LA LIGUE DE L'IMMOBILIER
10442577200019,RACHID DJAFRI EI
10442856000015,HADOUX'IMMO
10443552400012,
10443984900019,AURELIEN ROBERT IMMOBILIER
10444897200018,
10445040800018,
10445190100011,
10445405300018,
10446312000014,
10446347600010,
10446791500013,
10446980400017,
10447083600016,
10447985200014,SOPHIE KOLARSKI
10448072800013,
10448247600017,ACTIF IMMO
10448511500018,
10449027100012,
10449124600013,
10449203800013,EL AZZI AMELIE
10449691400011,
10450058200010,
10450885800016,
10452181000010,
10452786600016,LADN-IMMO
10453399700011,
10453858200016,
10454292300016,
10455008200010,ROBERT NADINE EI
10455611300017,JAMMES YANNICK EI
10456786200016,
10457166600015,
10458288700014,PENNERAD SANDRA EI
10459106000017,COST IMMOBILIER
10460291700015,
10461609900016,
10462080200017,
10462913400016,
10463033000017,POISSON JADE EL
10463085000014,
10463382100012,
10463568500019,GARDE ARTHUR
10463685700013,
10463692300013,BIEN VIVRE IMMO
10463765700016,THIBAUDEAU BLANDINE EL
10463825900010,
10464305100014,
10464365500012,
10464701100014,
10465272200018,
10466225900019,
10466569000012,
10466614400019,DATCU JOANNA EI
10466868600017,
10466951000018,
10467448600014,
10467850300012,
10468159800017,LIDA CAPITAL
10468189500017,
10469038300013,JASON COQUELIN
10469442700014,
10469897200015,ONTIVERO FLORENCE EI
10470113100013,BRIQUIMO
10470689000019,
10470744300016,
10470814400019,
10471037100014,
10471068600015,
10471100700013,MAISON JADE
10471493600010,A.STONE
10471777200016,EI
10471911700020,
10472285500012,
10472445500019,OSMOSE IMMOBILIER
10472612000017,
10473196300013,THE MARKET GROUP
10473515400023,
10473855400013,
10474077400013,QUENTIN IMMOBILIER
10474993200018,
10475097100012,
10475250600014,
10475413000011,
10475597000019,
10475857800017,ALAIN BAUM CONSULTING
10476444400014,
10476485700017,
10476528400013,
10476632400016,CHARLOTTE CORONAS
10476976500017,
10477216500015,
10477704000015,
10477763600010,
10479466400011,
10480634400016,
10482549200036,
10482663100012,
10483678800018,
10484157200019,
10484906200013,
10485539000019,MAELLE AGNES
10485705700012,CAROLINE DHELLEMMES IMMOBILIER
10486063000011,
10486162000011,DALMA CONCIERGERIE
10486321200015,
10486491300017,
10486732000012,
10487127200019,KYLIAN PIGEARD
10487396300011,
10487660200012,
10487754300017,
10489602200019,ALEXANDRE JULIAN EI
10489780600014,
10490009700015,LETHI HOME
10491436100019,
10491546700013,
10491603600015,
10491959200014,
10492082200012,A.C.E FRANCE
10492095400013,
10492730600019,
10492789200018,TARNOWSKI BENOIT EI
10492825400010,
10492989800013,
10493820400013,
10494017600019,
10494098600011,
10494212300019,TIMEO CORNU
10495103300018,
10495161100011,
10495177700010,
10495518200019,
10495890500010,
10496779900016,
10496934000017,FAURE MARIE EI
10498393700012,
10498527000016,
10499069200014,
10499412400014,
10499452000013,
10499704400011,
10499763000017,
10499838000018,
10499892700016,
10499920600014,
10500026900016,MARCINOW CASSANDRA EI
10500044200019,
10500180400019,
10500506000014,
10500695100013,
10500940100016,
10501082100012,
10501203300012,EI
10501569700011,
10501745300017,
10501892300018,CASSIGNAC JEROME EI
10501993900013,EMMANUELLE LELY EI
10502053100015,
10502331100019,
10502347700018,ROULAND SIMON EI
10502353500013,GEORGIANA GLAVU EI
10502953200014,
10503041500019,
10503265000019,
10503676800015,IMMO SUD  HABITAT
10503880600011,
10504300400016,
10504678300012,
10504728600015,
10504956300015,BB IMMO
10505073600013,RUBENS MENDONCA FERNANDES
10505152800013,
10505292200017,
10505794700019,
10506422400014,
10506661700017,EI
10508014700017,GOKKAYA BAYRAM EL
10508586400012,
10509618400012,
10509918800010,DOUGGYCORP
10511106600012,
10511172800017,
10511467200014,
10512084400011,
10512302000015,
10512752600017,AWA PARTNERS
10512900100019,
10513411800014,
10513832500011,
10513870500014,
10514012300016,
10514629400019,
10514636900019,ZEN-EDL
10514668200015,
10514670800018,
10514949600017,
10515400900010,LANGLOYS IMMOBILIER
10515830700014,ECDS CONCIERGERIE
10516262200010,
10516782900016,CERCLE PRIVE IMMOBILIER
10516835500011,CREC IMMO
10516904900019,THIBAULT SANDRINE EL
10517212600010,
10518304000010,
10518380000017,MC IMMO
10518878300010,
10519136500011,ASTERA HABITAT
10519173800019,
10519361900019,
10519849300014,PHILIPPE MATHIEU
10520198200011,
10520290700017,
10520744300018,OLSA IMMO - OLSA INVEST - OLSA CONSULTING
10520831800011,
10521325000019,
10521875400015,BARRE IMMO-GESTION
10521894500019,
10521973700019,
10522732600011,JEROME JAFFRELOT
10523040300013,LA ROCHELLE IMMOBILIER
10523363900019,
10523458700019,CHARPENTIER THOMAS EI
10523481900016,THIBAUT THORAL IMMOBILIER
10523789500013,CLOVIS-IMMO
10524059200011,
10524942900017,
10525492400019,
10526143200014,
10526178800019,TRIANON IMMOBILIER
10526426100014,
10526485700019,
10526650600010,
10526775100011,EI NICOLAS BOUTEILLER
10526779300013,EI NATHAN BOUTEL
10528660300011,
10529213000017,
10529473000012,EI FLORENCE DEROUET
10529513300018,NANCY COSTA IMMOBILIER
10529857400010,
10530113900017,
10530356400014,
10530463800015,
10530675700011,
10531521200016,
10531570900011,
10532186300018,
10532252300017,
10533275300018,SUPPLISSON PATRIMOINE
10533322300011,JENKA HOUSE
10533707500011,
10533807300015,
10534362800019,
10534440200018,JFP CONSEIL IMMOBILIER
10534861900013,
10534937700017,
10535013600013,
10535100100018,
10535326200014,
10535662000010,
10535708100014,
10535723000017,
10535850100010,
10536302200010,
10536396400013,
10536678500019,
10536831000014,
10536910200014,
10537077900016,JK PATRIMOINE ET CONSEILS
10537197500019,
10537361700015,
10537652900019,
10538604900016,FAIRWAY ADVISORY
10538987800015,MILHANE COUTO
10539320100014,DAVID REMOND
10539634500016,EI
10539880400010,
10540245700011,
10540329900016,
10540835500011,
10540894200016,
10541086400018,
10541617600011,
10541682000014,
10541839600013,
10542572200011,
10542663900016,MAEVA CONSEILS IMMO
10544071300011,
10544710600011,SAINT GEORGES IRENE EI
10545452400015,LOLIMMO
10545457300012,NS CONSEIL
10545554700015,MOREL YVES EI
10546615500014,
10547578400010,
10547608900013,
10547679000016,NORMAND JENNIFER
10548304400019,
10548340800016,
10548438000016,
10549407400013,
10549822400010,
10550065600019,
10550127400010,
10550528300017,
10550605900010,
10550627300017,
10550776800015,
10551037400017,
10551078800018,
10551187700018,
10551506800010,LB IMMO
10551640500013,
10551664500014,
10551828600015,
10552154600017,
10552160300016,SV IMMO
10552268400015,
10552462300011,
10552471400018,PIERRE-MARIE LANIESSE IMMOBILIER
10552520800010,
10552529900019,
10552663600011,
10553404400018,
10553574400012,SAS LA PARENTHESE VERTE
10553845800016,
10554431600018,
10554716000017,
10555536100010,AB IMMOBILIER
10555545200017,
10555588200015,
10555989200010,
10556479300013,
10556534500011,
10556842200015,
10557028700018,
10557278800013,
10557868600013,
10557915500018,
10557944500013,
10558058300018,
10558506100010,
10558815600015,
10559128300012,
10559689400011,
10560013400016,MARINE DELAERE
10560054800017,SARAH OBERSON
10560127200013,
10560424300011,EI
10560510900013,
10560854100014,BTOB L'IMMOBILIER D'ENTREPRISE
10561326900015,
10562045400014,
10562058700011,
10562361500017,
10562396100015,PANIER PATRICK EI
10562430800018,
10562830900012,
10563235000010,
10563374700016,
10563533800012,DUYCK INVEST
10563595700019,
10564154200011,FLOWTEXIA
10564280500011,
10564398500010,
10564679800014,
10564772100015,
10564782000015,
10564789500017,
10564813300012,EASY IMMO
10564918000012,
10565465100014,
10565526000013,
10566363700012,
10566894100013,
10566912100011,CHARRIER JUSTIN EI
10567214100014,
10567286900010,
10567375000011,
10567421200011,
10567513600011,
10567585400019,SACRAMENTO NICOLAS EI
10567645600012,LES MAISONS DE CHARME
10568029200015,
10568067200018,
10568223100011,
10568281900013,
10568582000018,
10568606700015,CROIZET ROBERT EI
10568640600015,HOYEZ AXEL EL
10569038200012,
10569099400014,CZ CONSEIL
10569709800017,
10569863300010,GLOBAL HOME PRESSTIGE
10570283100014,RIVIERE MICKAEL EI
10570865500011,KAPA IMMO
10571565000013,BODOUX SERGE EXPERT EN ETAT DES LIEUX
10571603900018,MONTOYA LOUIS EI
10571902500014,
10572338100015,
10572347200012,CARIELLO DAMIEN EI
10572479300010,
10573796900011,WELTIN DIANA EI
10574162300018,
10574237300019,
10574332200015,
10574828900011,
10574829700014,
10575104400014,
10575310700017,
10575368500012,
10575401400014,
10575891600016,
10576103500010,
10576272800019,
10576333800016,
10577074700019,JULES LECLERC
10577561300018,EI
10577635500015,
10577854200016,
10578030800018,
10578618000015,
10578634700010,
10579031500011,
10579067900010,
10579358200013,MERTON STEPHANE EI
10579633800017,
10579841700017,HIVERNIAU EMILIE EI
10580358900016,
10580466000014,
10580749900014,
10580776200015,
10581266300018,MORCILLO LUCAS EI
10581284600019,HUGO BOUSQUET
10581381000014,
10581616900012,WOLFFER MARION EI
10582530100010,BELAMRIA YOUSSEF EI
10582612700018,
10582725700012,
10583618300019,
10583831200012,
10583885800014,FAFET GAETAN
10584398100017,
10584466600013,AZUR AGENCY
10584898000014,
10585488900018,CBI CONSEIL IMMOBILIER
10585632200018,
10586991100013,
10587040600011,
10587344200013,
10587563700016,
10587641100015,
10587690800010,
10587747600017,
10587782300010,
10588157700016,
10588795400011,VELA & CO IMMOBILIER
10588831700044,
10588922400017,
10589062800016,SANDRA PUEBLAS
10589383800018,
10589716900014,
10590486600016,
10591089700013,FLORENT MOREL EI
10591126700018,
10591139000018,
10591310700014,
10591424600019,BART DE ROOIJ MSC
10592129000018,
10592989700012,KAREN CHASSERIAUD
10593096000015,
10593207300015,CELINE PORNON
10593670200015,
10593912800010,
10594551300015,
10595777300010,KSIONSA
10596214600012,
10597391100016,
10597541100015,
10597558500016,
10597725000015,
10597978500018,
10598206000011,
10598942000010,
10599418000013,RAB'IMMO
10599473500014,
10599784500018,
10599950200013,
10600062300012,MOON ENTREPRISE
10600218100019,
10600312200012,LAURALINE JEAN
10600366800014,PETIT MELANIE EI
10600782600014,
10602385600011,RORATO REAL ESTATE
10602422700014,
10602500000014,
10602732900023,
10602883000011,CGP CCA SME
10603624700018,
10604039700015,
10604041300010,
10604161900011,FLOCH KYLLIANN EI
10604273200011,
10604422500014,
10605002400012,
10605310100015,
10605382000010,
10605770600017,
10606146800018,
10606158300014,
10606616000016,
10606807500014,FRANCOIS ROGER
10606819000011,MELANIE DE ALMEIDA IMMOBILIER
10607134300011,
10607415600022,ILAN BELGRAND
10607473500015,
10607691200018,BRUNO SPETZ
10607869400010,
10608749700017,
10608828900017,
10609009500014,MPP IMMO
10609695100020,
10609963300013,
10610157900014,ISAUTIER PATRIMOINE
10610345000016,
10610518200013,
10610522400013,
10611112300019,
10611123000012,
10611244400018,NOA PEREZ
10611442400018,OCEANE MURACCIOLI - CABINET D'EXPERTISE IMMOBILIERE
10611496000011,
10612268200011,
10612544600018,MANON CHEFDEVILLE IMMOBILIER
10612839000015,
10613263200014,
10613729200012,CECCHIN FREDERIC EI
10613753200011,ANAIS FATOME IMMOBILIER
10613824100018,KEVIN MASSEBOEUF
10613896900014,SABRINA BRELEUR
10613933000018,IMMO NADEGE
10613984300010,AXIALE
10614180700011,
10615219200014,
10615249900013,PODEVIN NACERA EI
10616904800019,YC EDL
10616907100011,
10617030100019,
10617111900014,
10617512800011,
10617674600019,
10618374200019,
10618616600018,TIPEILA CONSEILS
10618743800010,
10618782600016,
10619079600016,
10619614000011,
10619632200015,
10619677700010,
10619683500016,
10619749400011,
10620497700016,
10621120400016,
10621382000017,
10621652600017,
10622387800013,
10622550100019,
10622573300018,
10622682200018,
10623061800014,
10623070900011,
10623370300011,
10623458600019,ROSSI TRANSACTION ET GESTION IMMOBILIERE
10624297700010,
10625058200017,
10625168900019,STEPHANIE PAPIN
10625292700012,
10625317200014,
10625399000019,PROFILLET IMMOBILIER
10625535900015,
10626106800014,
10626783400013,
10626830300018,
10627288300013,LOUIS DAVALO
10627456600012,
10627505000016,
10627697500013,
10628114000017,
10628318700016,
10628361700012,
10628416900013,LABEL ECHAPPEE
10628822800013,
10628919200010,
10629163600012,JOZEFCZYK CAMILLE EI
10629248500021,RIVIERE JEREMY EI
10629313700019,
10629382200016,
10629492900018,
10629934000013,
10629939900019,
10630008000012,DELAVELLE
10630380300014,YOEL CALVO
10630657400018,NDALLA CONSEIL
10631059200014,
10631270500010,
10632672100011,CAILLER DYLAN EI
10633039200015,
10633242200018,
10633243000011,
10633767800010,
10634952500019,
10635412900012,
10635505000019,
10635686800013,
10635738700013,
10635847600013,
10635971400016,
10637041400018,
10637470500015,
10637522300018,GAUTHIER JAVELLE EI
10637799700015,
10637989400012,
10638043900013,
10638191600019,
10640615000016,
10640672100014,
10641006100019,
10641278600019,DIEPPE FREDERIC EI
10641412100017,
10641544100018,
10641581300018,CEDECOM
10641587000018,
10641781900013,
10641797500013,
10641821300018,
10641836100015,
10641993000016,
10642018500014,
10642056500017,
10642246200015,
10642381700019,
10642416100011,BOUSSAJRA ANAIS EI
10642484900011,
10642572100011,
10642581200018,
10643031700011,SABRINA GILARDEAU
10643451700012,SAMA
10643578700010,LAISNEY VALERIE EI
10643687600010,
10643811200018,BUILDERS CORPORATE
10643904500019,
10643972200013,
10643988800012,
10645139600019,
10645144600012,
10645674200019,
10646117100014,
10646502400011,
10646570100014,
10647080000017,
10647922300013,
10647959500014,
10648019700016,
10648405800016,
10648411600012,
10648522000011,
10649017000011,
10649153300019,
10649197000013,
10649275400010,
10649314100019,
10649336400017,
10649516100015,
10649569000013,
10649655700013,IMMO PRO
10650140600016,
10650194300018,
10650372500017,
10650380800011,
10650733800015,RYM&CO
10651092800018,
10651102500012,
10651477100018,
10651572900015,
10652174300018,POLE SUD IMMOBILIER
10652233700018,
10652320200013,
10652457200018,
10652820100010,
10653043900012,
10653204700011,KLAKOCER CYRIELLE EI
10653402700011,
10653429000015,OUSIMPLANTER
10653470400015,LE GUIZMO
10653574300012,
10653802800015,HAKU IMMOBILIER
10653849900018,
10653931500015,BENAILLY MEHDI EI
10653966100012,
10654193100015,BOUCHARD MAXIMILIEN EI
10654267300012,
10654503100010,
10654582500015,
10654636900013,
10654919900011,PASCAL GUERIN
10655708500011,
10656144200018,
10656875100015,
10657011200016,
10657649900011,
10657691100015,
10657746300016,
10658271100011,DE LIMA MELISSA
10658320600011,HDIMMO
10658602700018,CHASSAIN CHARLES EI
10658673800010,
10658720700015,
10658875900014,
10658898100014,
10660325100013,
10660646000017,
10660674200018,
10660777300012,
10660831800015,
10660978700010,INES FOURNET
10660985200012,ROBIN PIERLOT
10661150200019,LEILA MAANE
10662741700012,
10663049400016,
10663786100019,ALPS ESTATE
10664049300016,
10664497400011,PALLOIS CONSEIL GESTION PATRIMOINE
10664655700012,
10664898300018,
10665016100016,VINCENT GAULARD IMMO
10665062500010,BELLOT MYLENE EI
10665069000014,
10665840400012,
10665874300013,
10666260400011,
10666468300013,
10666765200015,
10666994800015,
10667005200013,
10667298300017,JOUBERT SEBASTIEN EI
10667476500016,
10667737000012,
10667874100021,
10668281800013,BE IMMO 88
10668317000018,OPERATEUR ETATS DES LIEUX MURIEL
10668635500012,
10669168600013,
10670365500014,
10670471100014,
10670823300015,
10671227600018,APPRIOU SEVERINE EI
10671332400015,
10671354800019,LAUBIER VICTOR
10671789500010,
10671979200017,
10671986700017,
10672616900019,
10672974200010,
10673111000016,TERRA NOSTRA CARAIBES
10673297700017,
10673472600016,
10673856000015,
10674253900013,
10674842900011,
10675593700013,
10676512600011,
10676955700013,
10677448200017,
10677468000016,
10677537200019,
10677821000018,VASLIN IMMOBILIER
10678726000012,
10680299400017,
10680636700012,
10680647400016,LAURENCE BERTHOMET
10680686200012,
10680816500018,
10681211800011,ORCIA IMMOBILIER
10681483300013,
10681546700019,
10682223200018,
10682360200011,
10682533400019,
10682540900019,
10682545800024,
10682928600017,
10683112600011,
10683208200015,
10683837800011,
10683945900018,
10683948300018,
10684098600017,
10684442600010,
10684651200015,
10684716300016,HOME GESTION
10684899700016,CAMILLE DELALANDE IMMOBILIER
10685089400010,
10685645300019,
10685715400012,
10686932400017,
10687499300012,CONTE & PIERRE
10687971100013,
10688749000014,GREENDVICE
10688750800013,BIQUILLON LAURENT EI
10688941300014,
10690591200015,
10692005100013,
10692031700018,
10692106700018,TI KAZ HIBISCUS IMMO
10692141400012,TF IMMO SERVICES
10692389900012,
10692499600015,
10692573800010,
10693029000015,
10693396300014,
10693549700011,MONTCHAMP MARGAUX EI
10693748500014,
10694022400012,
10694058800010,
10694564500013,
10694963900012,
10695336700013,LES DIJOUX DE L'IMMO
10695504000014,ANTONY FERREIRA
10695887900012,
10696548600017,DB SIGNATURE
10696791200010,MILA SOURIMANT
10697961000016,
10698027900017,MADE IN EVIDENCE IMMOBILIER
10698201000014,DEL GIGLIO SEBASTIEN IMMO
10698573200010,
10698962700018,
10699016100015,
10699081500016,
10700031700019,
10700467300011,CYPRIEN HUREZ
10700593600011,
10700726200010,
10700777500011,
10701011800019,
10701148800015,
10701218900018,
10701386400015,
10701654500017,
10701693300015,AKTAS GURKAN EI
10701752700014,
10701811100016,
10702366500014,
10703120500019,
10704023000016,KASTORS-INVEST
10704165900015,
10704199800017,
10704981900017,
10704990000015,
10705107000012,
10705350600013,
10705435500014,
10706056800014,
10706072500010,
10706163200017,
10706779500016,
10707399100013,
10707652300011,
10708131700011,
10708179600016,
10708286900010,
10708392500019,
10708445100015,
10708569800010,CTGE44
10708841100015,
10709157100011,
10709244700013,
10709281900013,
10709533300012,
10709967300017,
10710168500017,
10710209700014,
10710288100011,
10710507400010,
10710847400019,
10710860700014,
10711303700017,
10711311000012,
10711591700018,
10711594100018,KD EDL
10711691500011,
10711918200015,
10712029700018,
10712503100016,
10712804300018,
10713068400015,
10713102100019,
10713170800011,
10713232600011,
10713312600014,
10713653300018,
10714175600018,
10714457800013,MARIE-CECILE MAGNE
10714622700015,
10715101100015,
10715318100014,
10715497300013,
10715609300018,BENOIT BERTHE IMMOBILIER
10715797600013,
10716931000011,
10717181100014,
10717202500010,
10717294200016,
10717510100016,ADRIEN.T.CONSEILS
10717610900018,
10717746100012,
10717930100018,
10717936800017,
10717937600010,
10718002800022,
10718058000014,
10718566200015,CLEYET-MERLE LUCIE EI
10719844200017,
10723265400015,
10723370200011,DECLIC IMMO
10723416300015,
10723520200010,
10724853600016,AURORE TARZE - IMMOBILIER
10725260300017,ELUAM
10725357700012,EKITXEA CONSEIL
10725422900019,
10725517600011,
10725727100018,
10725788300010,CHARLOTTE IMMO
10725903800019,
10725905300018,
10725963200019,VIRGINIE DELORY
10725965700016,OSTAL DISTRIBUTION
10726594400010,
10726610800011,
10727328600016,
10728165100011,
10729065200018,
10729366400010,
10729715200012,
10730112900014,
10730951000017,
10731159900016,
10731207600014,
10731378500019,
10731831300015,
10731992300010,
10732297600013,
10733117500011,
10733499700015,
10733505100010,
10734824500013,
10735259300019,
10735566100011,
10736835900017,COCART ALEXANDRE EI
10736918300010,
10737097500016,BEITO
10737429000016,
10738050300014,
10738137800010,LAWRENCE REAL ESTATE
10739034600016,
10739070000014,
10740455000017,
10740621700011,
10740726400012,
10740729800010,
10740855100011,
10741038300015,L'IMMOBILIERE PLAISIROISE
10741126600011,
10741572100011,
10741913700016,
10742945800014,HUILLET ROMEO EI
10743021700011,
10743896200014,
10744465500016,
10744720300012,
10744768200017,
10744896100014,
10745145200018,
10745351600018,
10745359900014,CUETO EMRYS EI
10745642800013,
10745801000017,
10745894500014,
10745966100016,
10746395200013,
10746850600012,
10747424900011,
10748461000012,
10748550000014,MAJSTRUK MATHILDE EI
10749271200016,VINCENT DOLIER
10750689100012,OLERA
10751041400017,
10751154500017,
10751206300010,ROHAN CAMILLE EI
10751497800017,
10751538900016,
10751685800019,BILLERIT ALLAN EI
10752203900018,
10752298900014,
10752382100018,
10752770700015,
10752938000019,
10753052900018,EI
10753143600015,EI
10753156800015,
10753274900010,
10753494300017,
10754324100015,AV IMMO
10754721800019,CAP KA INVEST
10756141700018,
10757092100018,
10757209100018,SAMANTHA LE MALEFANT
10757444400017,PRESTIGE RIVIERA HOLDING
10757671200015,
10757862700013,NEXUS VAR IMMOBILIER
10757913800010,
10758480700013,
10758866700017,
10759626400013,
10759672800017,
10759714800017,IMMELIO TRANSACTION
10760462100014,BACHELET AMELIE EI
10760555200010,
10760589100012,RIVE DROITE - CONSEIL IMMOBILIER
10760624600018,
10761144400012,
10761290500011,
10761318400012,
10761512200010,
10761801900015,
10762274800013,
10763009700015,
10763198800014,IMMOBILIER SOLUTIONS
10763389300014,LIVIN' PROVENCE
10764151600011,THOMAS IMMOBILIER
10764390000015,
10764600200017,
10764874300014,
10764913900014,
10765370100014,NOEMIE VERNAY
10765721500011,
10766056500014,
10766067200018,
10766120900018,
10766348600010,MOHAMMAD KEBE
10766356900013,
10767057200018,
10767199200017,
10767591000015,
10767702300015,BLANPAIN AURELIE ( EI )
10767953200013,
10768304700016,KIM SMITHUIS REAL ESTATE
10768390600013,
10768996000014,
10769354100016,
10769913400014,RC IMMOBILIER CONSEILS
10769980300014,
10770099900017,
10770739000012,
10771514600018,
10771573200015,CJ GOLFE
10772104500014,JACQUELINE VLR
10772672100015,
10773561500018,
10773833800014,
10774008600015,
10774767700014,
10775389900015,
10776584400017,
10776698200014,EL YOUSSI IMMOBILIER
10776955600013,
10777258400010,
10777703900010,PINTASILGO
10778233600013,
10778809300014,IMMOBILIER DU LITTORAL
10778974500018,
10779270700013,
10779321800010,
10779705200019,
10780323100011,REDOL IMMOBILIER
10780349600010,FAGES IMMOBILIER
10780386800010,VIRTUALTOURSPRO
10780585500015,
10780823000018,
10781247100012,JEAN HELARD
10781501100013,
10781999700019,
10782006000013,
10782018500018,KATALY IMMOBILIER
10782933500010,
10783763500013,KANYONYO IMMOBILIER
10783863300017,
10783896300018,
10784121500018,
10784590100019,
10784686700011,
10785068700016,
10785071100014,
10785640300012,DEIE IMMOBILIER
10787920700010,JULLE ALAN EI
10787941300014,
10788391000013,
10788451200016,
10788623600010,
10788655800017,
10789269700015,
10789700100015,
10789846200018,
10789850400017,
10789947800013,
10790175300015,
10790434400010,EDOUARD HERVIEU IMMOBILIER
10790521800015,
10790840200012,
10791109100018,
10791417800010,
10792425000015,
10792876400011,SELECTION RIVIERA
10793011700018,
10793316000015,
10793321000018,
10793419200017,DERQUENNE & CARPENTIER IMMOBILIER
10793481200010,
10793814400014,FRANCOIS JIMENEZ CONSEIL ; MOOVIDA ; TXORI
10793979500012,
10794481100010,
10794593300011,JUNEKA IMMOBILIER
10794751700010,
10795137800010,
10795241800013,
10795334100016,
10795550200029,
10795829000010,FRALON FLORENCE EI
10795998300019,
10796038700010,OSIRIS 23
10796077500016,
10796314200016,
10796782000013,
10797003000014,
10797207700013,
10797491700018,
10797772000013,CYNTHIA NACCACHE PLESSIS
10797909800012,
10798325600010,
10798455100013,
10798612700010,
10798627500017,
10798895800016,
10799011100018,
10799064000016,CAPERONIS IMMO
10799196000017,
10799263800018,
10799297600012,
10799494900017,
10799675300011,LOLA SERGEANT IMMOBILIER
10799800700010,
10799840300011,
10800212200019,
10800668500011,HOTE VALERIE EI
10800774100011,
10801132100016,
10801198200015,
10801503300013,LEPAGE ROMAIN EI
10803258200034,
10803488500013,
10803894400014,
10805189700016,
10805324000017,
10805990800013,LES CLES DE VIRGINIE
10806937800017,DOLIMIER MARIE EI
10806952700019,
10808049000015,PION MATHILDE EI
10808059900013,
10808675200012,HELENE KURTZ HKZ
10808715600015,
10808719800017,
10809230500011,
10809309700013,
10809342800010,LEANDRE MONCORGER
10809965600010,
10810817600018,
10811359800016,
10811706000013,HIBLOT COMMERCIAL
10811929800017,
10812292000011,
10812342300015,
10812456100011,
10813343000018,
10813556700015,
10813598900011,
10813657300012,
10814138300019,
10814287800017,
10814305800015,
10814672100015,
10814688700014,
10814789300011,LBR IMMOBILIER
10814914700010,LIO SARDA IMMO66
10815248900010,
10815612600014,
10816140700011,
10816632300015,
10817044000011,
10817189300010,
10817303000017,
10817393100016,GIACHETTI LAURENT EI
10817399800015,
10817725400019,SVATEK IMMO
10818808700010,BENJAMIN BEN SOUSSAN
10818973900015,
10819051300011,
10819073700016,
10819168500016,
10819312900013,
10819923300017,
10820124500017,
10820138500011,
10820302700017,E2P
10820425600011,EI
10820879400017,
10821530200010,CLAVES INVEST
10821555900015,BERNIER IMMOBILIER
10821741500018,
10821894200010,
10822151600017,
10822653100011,EDL COTE BASQUE
10822833900017,
10822838800014,
10823233100018,
10823536700019,
10823573000018,
10823860100018,
10823951800013,
10824110000016,
10824317100015,
10824448400011,
10824459100013,
10824773500013,
10825107500017,
10825326100011,
10826211400011,
10826678400017,
10826855800013,RM CONSEIL IMMOBILIER
10828130400015,CY CONSEILS
10828135300012,
10828518000015,LAMBERT IMMOBILIER
10829733400014,
10829933000010,
10830445200015,
10830609300015,
10831357800016,FLONYX EI
10833991200017,
10834420100018,
10834547100016,
10834682600010,
10834823600010,GLR LIVING
10834988700019,
10835610600014,VERIDIQ.FR
10835912600019,
10836824200013,RUDY LEFEBVRE
10836962000019,
10837046100015,
10837257400013,EI
10837398600018,
10837855500016,
10838004900016,
10838137700010,CHAUDOREILLE MYLENE EI
10838273000019,
10838394400015,
10838595600017,
10838806700010,
10839742300014,
10840025000016,OPTIMHOME DE AGUIAR ISABEL
10840331200011,
10840999600015,EL
10841058000014,
10841376600016,
10841865800010,
10841877300017,
10842010000019,
10842161100014,
10842354200019,
10842374000019,
10842597600017,
10842612300015,
10842866500013,
10842878000010,EI
10843118000018,
10843891200017,
10844002500014,
10844128800017,
10844419100010,
10844645100016,
10845038800013,KISC IMMOBILIER
10845336600016,FAYAD HABITAT
10847960100016,
10848083100016,
10848102900016,
10848978200012,
10849056600016,LIO MAGALIE EI
10849865000010,BD IMMOBILIER
10849910400017,
10849969000015,
10850529800019,MARINE FILLATREAU
10851080100013,AXEL GUERIDON
10851400100016,
10851982800017,
10852406700015,DUQUENNE MARVIN EI
10852703700015,
10852799500014,JD SERVICES IMMO
10852816700019,
10853657400016,
10853894300011,
10854348900018,
10854556700019,
10854710000017,
10854731600019,
10854950200012,
10855031000016,
10855171400018,
10855292800013,
10855394200013,
10855438700010,
10855815600015,
10855853700016,
10855960000011,ROMIMMO
10856470900013,
10856536700019,
10857544000012,
10857896400018,
10858738700011,
10858935900018,
10859113200015,
10859752700010,
10861635000014,
10861645900013,AGEXBA
10862234100015,
10862496600017,
10862577300016,
10862767000012,
10863541800016,KETER REALTY CAPITAL
10863681200019,
10863812300019,BRIENT ELISA EI
10863873500010,
10863894100014,
10864119200019,
10864168900014,
10864218200019,ARCHIK BORDEAUX
10864616700016,EI
10865826100012,
10865993900012,
10866017600018,
10866256000011,
10867339300014,
10867450800016,
10867506700012,
10867517400016,
10867761800010,
10867929100014,ROYER STEPHANE EI
10868321000018,
10868684100017,
10869205400019,
10869238500017,MP GESTION
10869404300010,AC EXPERT FONCIER
10870169900010,
10870216800015,
10870408100018,KOBI MELYSSA EI
10870460200011,
10870743100012,AGENCE TRYBE
10871572300012,SEPULVEDA VINCENT EI
10871858600010,
10871871900017,
10872713200012,LOUISB
10873392400014,
10873627300013,REPRISOR
10873672900014,JOAQUIM ROCHA DA SILVA - EI - CONSEILLER EN IMMOBILIER
10873753700010,
10874435000019,POISSANT SOPHIE EI
10874671000012,SIMON NATHAN EI
10875186800010,
10875649500017,
10876918300014,
10877074400010,
10877104900013,
10877609700017,
10877993500015,ATEBA CONCEPT
10879239100014,
10879301900010,ROMANE PEYRILLES
10880070700011,
10880331300015,JENA SOLUTIONS
10880373500019,AGENT COMMERCIAL EN IMMOBILIER INDEPENDANT
10881037500015,IMMO4X
10881573900017,
10882255200015,
10883838400015,
10884260000018,EI
10884349100011,ROXANE GONZALEZ EI
10884422600010,CHARLOTTE PERRIN
10884457200017,
10884956300011,
10885224500019,
10885659200010,PINSARD NOLWENN EI
10885954700011,BLANC LISON
10885996800019,
10886732600010,EVIDANS'IMMO  & PATRIMOINE
10889036900011,YAP'S CONTACT IMMO
10889345400018,
10889595400015,
10889778600019,
10889868500012,
10889963400019,
10889990700019,LDC-IMMOBILIER66
10890288300017,
10890306300015,
10890407900010,
10890521700015,
10890566200012,
10890767600010,AGENCE IMMOBILIERE DES LANDES LMD
10891569500010,
10891874900012,
10892052100011,
10892288100017,
10892301200018,
10892578500017,
10893190800017,
10893670900014,
10893812700017,
10894007300019,
10894046100016,
10894341600017,
10894350700013,
10894359800012,
10894503100012,
10894674000017,
10895727500010,
10895958600026,G IMMOBILIER DE PRESTIGE
10896071700016,MATH'IMMO
10896204400013,
10896519500010,
10896733200017,
10896873600018,BENCHENAFIGREGORYEI
10897054200016,APPARTEMENT CARRE D'OR
10898062400010,LOVE YOUR HOME
10898105100015,
10898289300019,
10898552400017,
10898710800017,JULIAN DANNER IMMOBILIER
10898932800019,SABOTIC BAJRO EI
10898935100011,DAVAZE
10899068000010,
10899793300016,
10900287300015,
10901019900015,
10901170000019,MPG IMMOBILIER
10901453000017,
10901642800012,
10902154300011,
10902471100011,
10902817500015,
10902913200015,
10903128600015,CINDY PIRON EI
10903353000014,SP IMMO
10903912300012,DUPRESSOIR CLEMENT EI
10906980700013,
10907221500014,
10907392400010,MONTASSIER SABINE EI
10907629900014,AZUR IMMOBILIER LEMAN
10907878200017,
10907910300015,
10909039900014,LUIS VIEITES EI
10909796400018,MATHIEU-DOSA STEPHANE
10910848000012,ESSENTIEL IMMOBILIER
10911235900012,
10911370400018,
10911756400012,
10912094900010,
10912200200016,
10912229100015,
10912401600014,
10912520300017,
10912819900014,
10913124300015,
10913190400012,
10913210000016,
10913281100018,
10913400700011,
10913795000019,RUN LEAD IMMO
10914083000018,
10914289300014,LEFEBVRE JESSY EI
10914476600010,MARTINEZ QUENTIN EI
10914644900011,
10914699300018,
10914760300012,
10914879100014,SERENIUM IMMO
10915282700019,ANTOINE DUPROS
10915427800013,
10915913700016,
10916568800010,
10916710600011,
10916794000013,
10917571100018,ALTO SOCIETY
10917675000015,
10918322800013,
10918719500010,
10918830000015,MAZY PATRICE EI
10918999300016,
10919025600015,
10919182500016,
10919263300013,
10919269000013,
10919314400010,
10919560200015,
10920921300015,NICOLAS TORQUEBIAU
10921519400019,
10921528500015,
10921763800013,
10921771100018,
10922041800015,
10922122600011,
10923273600016,GALAN JULIEN EI
10923349400011,
10923419500013,
10923903800010,
10923917800014,
10924356800010,CONSEILLERE EN IMMOBILIER
10924359200010,
10924395600017,
10924402000011,THIAUDIERE LAETITIA EL
10924485500010,
10924967200014,
10925026600011,
10926050500010,
10926293100016,PAUT-GARCIA RAFAEL EI
10926410100014,TORRES ENTREPRISE
10926411900016,
10926537100012,
10926704700016,EI ERIC RAMILLIEN
10926907600013,
10927015700018,VUCKOVIC LUKA EI
10927794700015,IMAUWIN67
10927913300010,
10927937200014,DS IMMO CONSEIL
10928315000018,
10928523900017,
10928599900016,FERRER LIONEL EI
10928968600015,
10929659000010,
10929724200017,AUFFRET ENZO EI
10930367700016,
10930380000014,
10930471700019,
10930567200015,
10931401300011,
10932225500018,BOULAY EMMANUEL EI
10932737900011,OLIUR
10933060500014,KOMPAGNON
10933272600016,
10933882200017,
10934417600010,
10934462200013,
10934499400016,
10934872200017,RIBEIRO LEANA EI
10935149400017,CHAMPION IMMO
10935166800016,
10935179100016,
10935463900014,
10936165900013,GAUTHIER VERONIQUE CONSEILLIERE IMMOBILLIER
10936264000012,
10936515500018,
10936653400013,
10936809200010,
10936929800012,
10936972800018,
10937086600013,CONSEILLERE IMMOBILIERE
10937280500019,
10939045000012,SURIKAT CHASSEUR IMMO
10939249800019,
10939439500015,
10939777800019,
10939910500013,
10941222100011,
10941320300018,
10941625500015,
10941636200019,
10941670100018,
10941735200019,MARINE GOBILLARD
10941857400017,
10941907700010,
10941909300017,DUVALIMMO
10942020800018,
10942031500011,
10942094300010,FORTIN COMMERCE
10942322800013,
10942771600013,
10943675800014,
10944389500015,
10944644300011,
10944964500018,
10945035300015,
10945457900011,CABINET BEL
10946379400015,
10946467700011,PERRYALEXANDREEI
10946687000010,PHILIPPE BRONN IMMO
10946699500015,
10946849600012,
10947465000016,
10947572300010,
10947903000016,
10947923800015,
10948461800011,
10948477400012,
10949149800019,
10949322100013,
10950125400014,
10950371400015,JEAN-MARC BIASINI
10950505700017,
10950639400013,
10950827500012,
10951112100013,
10951219400019,
10951279800017,
10951507200014,
10951583300019,
10951639300013,VAKHTANGI AKHOBADZE
10951642700019,
10951800100010,HABIBI CORELIA EI
10952536000011,
10953024600015,
10953514600012,EI
10953593000019,
10953686200013,
10953928800018,
10954233200019,KILIAN IMMOBILIER
10954310800012,PAYET CONSEIL
10955058200018,
10957708000012,LE DIAGON NATACHA EI
10957848400015,
10958141300019,
10958398900016,
10958603200012,
10959114900017,
10959133900014,
10959187500017,
10959421800017,
10959423400014,
10959530600019,
10959810200019,RENARD JUSTINE EI
10959887000011,
10960111200013,BRAVO LEA
10960134400012,LALE LUCIE IMMOBILIER
10960407400012,
10960635000014,EI
10960717600012,
10960728300016,
10961055000013,
10961115200017,
10961505400011,CEDRIC RIBERE
10962378500010,
10962476700017,
10964351000018,
10965666000015,
10966011800018,AGM IMMO
10966117300012,
10966818600017,
10966822800017,MARENTA
10967179200017,
10967908400011,
10968120500018,BENAT IMMOBILIER
10968548700018,EI GABIN DOS SANTOS IADFRANCE
10969479400016,
10969722700014,YE CONSULTING
10969829000011,
10970217500018,
10970913900017,
10971256200015,
10971570600015,
10971606800019,
10971655500015,
10971700900012,
10972151400015,
10972329600017,
10972436900011,
10972517600019,
10972882400011,
10973204000018,
10973716300013,
10974131400016,
10974292400011,
10974330200019,
10974443300011,
10974463100010,
10974907700011,
10974960600017,
10974971300011,
10975847400018,DELF RE
10975994400019,
10976283100013,
10976884600015,
10977544500017,
10977637700011,AGENCE DUARTE
10977693000017,
10977763100010,
10978435500017,
10978777000014,
10979030300019,
10979162400017,
10980235500015,
10980382500016,
10980557200012,
10981032500018,
10981389900019,LILA RANVIER
10982065400019,
10982215500015,
10982584400011,
10982636200013,
10983463000013,
10983530600019,VLAMYNCK STEPHEN EI
10983842500014,
10983887000011,EI
10984030600012,LOUIMMO
10985734200017,LANGUER IMMOBILIER
10985895100014,
10985908200017,
10986067600013,
10986276300017,
10986331600013,
10986405800010,
10986778800019,NIARD DAMIEN EI
10987088100017,BILEL BOUMANSOUR IMMOBILIER
10988727300018,
10988881800019,
10989100200015,ARTHUR ROCHE REAL ESTATE
10989745400012,
10989781900016,
10989941900013,
10990064700016,
10990862400017,
10990937400018,
10991038000012,AGENCE PANORAMA
10991505800019,
10991868000017,
10992122100015,LAETITIA CONSEILLERE EN IMMOBILIER
10992165000015,
10992172600013,
10992370600013,CHARL'HOTES TRANSACTIONS
10992491000010,KORBI INES
10993968600019,
10994035300013,
10994449600016,
10995079000013,
10995240800010,
10997238000017,LENKA IMMO
10997431100010,
10997466700015,
10997869200019,
10997924500015,V2K
10997934400016,
10998474000018,
10999332900019,EI
10999384000015,
10999632200011,EI
13003375600011,
13003628800012,
13004255900018,
13004346600015,
13004586700012,
13004708700015,
13004987700017,DESPREZ EVA
13005120400019,
13005346500014,
13005479400016,LA SIRENE IMMOBILIER
13007611000019,
13007681300018,SYLVAIN HARNOIS EI
13007706800018,
13007829800010,
13008115100016,GOMEZ CARLA EI
13008348800010,
13008648100012,
13008784400010,
13008912100011,BEAU
13009447700010,
13010373200017,BLASON GROUP
13010420100012,
13010509100016,
13010758400018,
13010885500011,OZEA PROPERTIES
13010893900013,
13011069500017,
13012002500015,
13012029800018,
13012136100013,
13012756600011,RENAN DE VASSELOT - EXPERTISES & TRANSACTIONS IMMOBILIERES
13013685600015,
13013695500015,
13013844900017,EI MAGALI BONNEAU
13013863900013,
13013968600013,BASTHARD-BOGAIN SOPHIE
13014992500013,EI HASSAN ALI
13015728200018,
13015901500010,
13016147400015,
13016379300016,
13016436100011,
13016514500017,
13016557400018,
13016735600018,
13016905500014,BARTOLI MARIEN EI
13017464200012,
13017536700015,
13017807200018,FERREIRA MARINE EL
13019334500019,
13019624900010,LOAN CHAMPION
13020141100019,RAYAN YAKDOUMI
13020423300014,
13020551100012,BAZETOUX KARENE
13020634500014,STEFANIA IMMOBILIER
13021193100014,
13021511400013,ROGER CLEMENT EI
13021596500018,PAS DE TOIT SANS MOI
13021644300015,
13022008000019,
13022793700013,
13022841400012,
13023034500014,
13023212700014,
13023686200012,
13023954400013,
13025126700014,
13025186100014,
13025292700012,
13025480800012,
13027065500017,INFRAROUGE SOLUTION
13027151300017,
13027235400015,DALPHIN CELINE EI
13027291700019,COSEO CONSEILS
13027904500012,
13027953200019,
13028124900016,L'OUSTAL IMMOBILIER
13029109900013,
13030256500010,BONANSEA QUENTIN
13030270600010,
13031382800019,
13031468500012,GD CONSEILS
13031703500017,
13033798300014,DEROULEDE MATHIAS
13034249600010,
13035007700017,
13035196800016,SILESA
13035510000012,TERROIR IMMOBILIER
13035690000014,DFM IMMO
13035692600019,
13035818700016,
13036135500014,
13037482000012,
13037493700014,
13037543900010,
13038022300011,
13038070200014,
13038579200010,
13038696400014,SEBASTIEN BERTINELLI CONSEILS
13038777200010,
13038845700017,
13039014900016,
13039092500019,LAAKOM
13039297000013,
13039413300016,
13041439400010,
13041449300010,
13042072200014,
13043004400011,
13043080400018,EI
13043883100013,
13043907800010,
13044586900014,
13044693300017,
13044774100013,
13045097600019,LAURA BLUE PROPERTIES
13045339200016,SORTINO GIUSY EL
13047521300018,BK.CONSULTING
13047605400015,
13048696200017,
13049654000019,SARAH PORCHERON
13053767300019,
13055252400014,
13055943800010,
13056330700011,
13056662300018,
13056984100013,
13057285200015,
13057616800012,AGENT COMMERCIAL
13059322100018,
13059561400012,
13059855000015,
13061398700010,CAMILLE TILLY
13061499300017,EI DOMINIQUE BEAUJEUX
13064843900011,
13067823800010,
13068008500011,
13068519100012,
13072176400012,
13072328100015,
13074117600015,"""PREMIER BIEN LOCATIF"
13074246300016,
30007257600014,IMMOBILIERE FONCIERE
30009152700055,
30009420800026,
30013004400062,
30015445700018,
30016560200024,AGENCE MICHELE FALQUE
30017936300050,
30020952500017,
30032851500055,
30034960200015,
30041351500119,
30046195100018,
30050006300015,
30050614400017,
30055078700034,
30057773100023,
30058403400031,
30061328800046,
30066739100126,
30070524100036,
30072541300029,
30081756600114,
30081891100038,
30091830700046,
30094411300020,
30096551400015,
30099682400052,
30099860600028,
30102657100036,
30104257800098,
30104340200066,
30105187600011,
30107425800015,
30110239800015,
30112697500038,AGENCE DE LA PLAGE
30115124700030,AXA CONSEIL
30118344800069,
30119169800036,
30119247200043,
30121488800044,
30125026200047,
30127698600025,
30129332000018,
30139480500115,DUMUR IMMOBILIER
30146395600039,
30150025200038,
30150192000039,
30153175200048,
30158795200070,
30159029500020,U-T-E-I
30163879700037,
30172926500027,AGENCE IMMO 1 G
30174917200021,
30175598900060,
30176228200053,
30184656400047,
30185643100012,
30185831200012,
30187069700044,
30191671400019,
30191716700019,
30194963200030,
30197400200109,
30202075500021,
30202711500062,
30204434200012,
30206652700011,
30213737700016,
30217709200012,
30220417700414,HESTIA  HESTIA.NET
30221345900027,
30229520900043,
30235603500022,
30237481400176,
30241572400095,
30245116600037,
30245704900062,CABINET BOIDE LACANT & ASSOCIES EXPERTISES
30249253300047,
30252030900022,
30252685000110,
30258937900015,
30259813100027,
30260510000015,
30263597400025,
30264781300088,
30266392700036,
30270971200038,AGENCE LES TROIS A
30271468800074,
30274227500019,
30274463600010,
30279165200050,
30304465500023,
30312079400035,
30317218300053,
30320986000087,
30321328400019,
30325123500022,
30327830300076,
30329262700054,
30330150100076,
30337729500041,
30340519500023,
30341398300048,
30346130500078,
30350621600066,
30355046100030,
30355724300043,
30367000400025,
30372553500049,
30375420400020,
30381543500076,
30385978900032,
30389754000058,
30391671200050,
30399300000023,
30408602800012,
30411359000133,
30416537600027,
30417765200027,
30423187100019,
30429555300040,
30435055600011,AGENCE DES SEPT LAUX
30442067200053,
30443017600046,
30444751900048,
30449155800017,
30450322000069,
30451420100025,
30453795400097,
30453827500088,
30453953900011,
30463810900039,AGENCE BERNARD
30470857100043,
30471829900049,
30472053500059,
30474690200028,L.S.I.
30480509600035,
30482233100035,
30483108400062,BOUSSAC IMMOBILIER
30484953200052,
30487565100032,
30487814300037,
30497264900012,
30497500600020,
30502466300026,
30511543800031,
30517733900010,
30517824600016,AGENCE ACAPULCO
30521546900092,
30525567100011,AGENCE DE L'ANJOU SYNDIC & GESTION
30530481800043,
30538912400036,
30539316700013,
30539318300077,
30541914500068,
30544313700024,
30544450700027,
30549043500040,
30553024800056,AGENCE IMMOBILIERE DU BELVEDERE
30555697900055,
30556496500054,
30557877500077,
30558770100031,
30559305500059,
30565347900074,
30569185900055,IMMOBILIER CONDORCET
30569596700029,
30571202800011,
30572951900044,
30574515000030,
